Word,Start Time,End Time
" Okay,",0.0,0.68
 she,0.68,0.92
 might,0.92,1.06
 have,1.06,1.26
 you.,1.26,1.66
 All,1.78,1.92
 right.,1.92,2.52
 Go.,3.3,3.94
 So,4.08,4.84
 we're,4.84,5.22
 starting,5.22,5.56
 our,5.56,5.9
 new,5.9,6.44
 unit,6.44,6.86
 on,6.86,7.66
 goods.,7.66,8.08
 That's,9.72,10.52
 what,10.52,10.64
 it,10.64,10.84
 is,10.84,11.38
 called,11.38,11.86
 goods,11.86,12.34
 and,12.34,12.68
 services.,12.68,13.24
 Okay.,13.42,14.22
 So,14.84,15.44
 this,15.44,16.58
 is,16.58,16.86
 what,16.86,17.0
 we're,17.0,17.18
 going,17.18,17.24
 to,17.24,17.44
 start,17.44,17.58
 reading,17.58,17.9
 right,17.9,18.18
 here.,18.18,18.64
 So,19.419999999999998,19.9
 I,19.9,19.9
 think,19.9,20.14
 I,20.14,20.3
 put,20.3,20.58
 this,20.58,20.96
 through,20.96,21.24
 to,21.24,21.52
 you,21.52,21.8
 on,21.8,22.66
 benchmark.,22.66,23.38
 But,23.88,24.08
 if,24.08,24.3
 I,24.3,24.58
 did,24.58,24.88
" not,",24.88,25.3
 then,25.36,25.52
 I'm,25.52,25.68
 going,25.68,25.78
 to,25.78,25.9
 read,25.9,26.0
 it,26.0,26.16
 right,26.16,26.32
 now.,26.32,26.7
 Okay.,26.94,27.36
 I,27.36,27.54
 tried,27.54,27.76
 to,27.76,27.92
 put,27.92,28.0
 it,28.0,28.2
" through,",28.2,28.32
 but,28.44,28.44
 I,28.44,28.58
 don't,28.58,28.7
 know,28.7,28.8
 that,28.8,28.96
 all,28.96,29.14
 the,29.14,29.28
 books,29.28,29.42
 are,29.42,29.7
 on,29.7,29.88
 there.,29.88,30.12
 So,30.72,31.0
 it,31.0,31.5
 says,31.5,31.84
 goods,31.84,32.54
 and,32.54,33.02
 services,33.02,33.48
 are,33.48,33.98
 important.,33.98,35.22
 What,35.22,35.22
 does,35.22,35.22
 this,35.22,35.22
 say,35.22,35.66
 on,35.66,36.16
 here?,36.16,40.66
 This,41.46,42.4
 says,42.4,42.66
 on,42.66,42.8
 here.,42.8,43.14
 In,43.32,43.34
 my,43.34,43.78
" opinion,",43.78,44.36
 goods,44.84,44.94
 and,44.94,45.34
 services,45.34,45.84
 are,45.84,46.42
 important.,46.42,47.26
 What,49.1,50.04
 are,50.04,50.5
 goods,50.5,50.94
 and,50.94,51.4
 services?,51.4,52.04
 Goods,60.53999999999999,61.419999999999995
 are,61.419999999999995,62.3
 things,62.3,62.76
 that,62.76,63.08
 people,63.08,63.44
" grow,",63.44,64.12
" make,",64.74,65.2
" buy,",65.66,66.1
 or,66.32,66.66
 sell.,66.66,67.12
" Food,",68.32,68.78
" clothing,",69.0,69.52
" cars,",69.72,70.18
 and,70.32,70.52
 homes,70.52,70.88
 are,70.88,71.28
 examples,71.28,71.82
 of,71.82,72.18
 goods.,72.18,72.62
 Services,73.6,74.14
 are,74.14,74.78
 work,74.78,75.34
 that,75.34,75.76
 people,75.76,76.12
 do,76.12,76.42
 for,76.42,76.74
 one,76.74,76.94
 another.,76.94,77.36
 Goods,77.36,79.06
 and,79.06,79.06
 services,79.06,79.06
 are,79.06,79.06
 important.,79.06,79.06
 For,79.06,79.94
" example,",79.94,81.58
" doctors,",85.02,85.82
" mechanics,",86.3,87.22
 and,88.4,88.5
 police,88.5,88.96
 officers,88.96,89.6
 provide,89.6,90.16
 services.,90.16,91.06
 All,92.0,92.48
 people,92.48,93.28
 need,93.28,93.72
 goods,93.72,94.2
 and,94.2,94.62
 services.,94.62,95.28
 In,95.78,95.94
 this,95.94,96.32
" book,",96.32,96.56
 I'm,96.56,96.7
 going,96.7,96.7
 to,96.7,96.7
 read,96.7,96.7
 this,96.7,96.7
 one.,96.7,96.7
 I,96.7,96.7
 think,96.7,96.7
 you'll,96.7,96.9
 hear,96.9,97.4
 people's,97.4,98.08
 opinions,98.08,98.62
 about,98.62,99.02
 which,99.02,99.46
 goods,99.46,99.84
 and,99.84,100.24
 services,100.24,100.72
 are,100.72,101.5
 most,101.5,102.0
 important,102.0,102.66
 to,102.66,102.94
 them.,102.94,103.34
 So,104.18,104.4
 I,104.4,104.44
 want,104.44,104.62
 you,104.62,104.78
 to,104.78,104.98
 think,104.98,105.16
 about,105.16,105.4
 that,105.4,105.68
 question,105.68,106.06
 too.,106.06,106.5
 What,106.78,106.96
 is,106.96,107.22
 the,107.22,107.46
 most,107.46,107.76
 important,107.76,108.24
 good,108.24,108.52
 and,108.52,108.84
 service,108.84,109.16
 to,109.16,109.66
 you?,109.66,110.0
 I,110.3,110.54
 bet,110.54,110.7
 you,110.7,110.86
 we,110.86,111.04
 all,111.04,111.22
 have,111.22,111.46
 different,111.46,111.92
 things,111.92,112.32
 that,112.32,112.48
 are,112.48,112.64
 most,112.64,113.02
 important,113.02,113.36
 to,113.36,113.6
 us.,113.6,114.14
 So,116.76,117.22
 in,117.22,117.42
 this,117.42,117.68
" one,",117.68,117.82
 it,117.82,118.04
 says,118.04,118.24
 eating,118.24,118.78
 to,118.78,119.2
 survive.,119.2,120.04
 Can,120.34,120.5
 you,120.5,120.72
 all,120.72,121.04
 see,121.04,121.24
 that?,121.24,121.5
 In,128.23999999999998,129.2
 my,129.2,130.16
" opinion,",130.16,130.68
 the,131.02,131.02
 most,131.02,131.62
 important,131.62,132.4
 good,132.4,132.92
 is,132.92,133.66
 food.,133.66,134.2
 Because,134.8,134.86
 people,134.86,135.28
 cannot,135.28,135.92
 live,135.92,136.5
 without,136.5,136.98
 it.,136.98,137.54
 Food,137.96,138.3
 gives,138.3,138.6
 people,138.6,139.06
 energy.,139.06,139.66
 It,140.18,140.42
 helps,140.42,140.72
 people,140.72,141.1
 stay,141.1,141.4
 healthy.,141.4,142.08
 So,142.08,142.08
 what,142.08,142.08
 is,142.08,142.08
 the,142.08,142.08
 most,142.08,142.08
 important,142.08,142.08
 good?,142.08,142.2
 People,142.94,143.78
" grow,",143.78,144.5
" make,",144.94,145.3
" buy,",145.82,146.5
 and,147.04,147.04
 sell,147.04,147.54
 food.,147.54,148.16
 Food,148.92,149.2
 is,149.2,149.46
 more,149.46,149.78
 important,149.78,150.52
 than,150.52,151.12
 any,151.12,151.8
 other,151.8,152.48
 good.,152.48,152.92
 Here's,158.62,159.58
 some,159.58,159.72
 people,159.72,160.02
 buying,160.02,160.38
 some,160.38,160.86
 groceries.,160.86,161.36
 Making,163.9,164.44
 and,164.44,164.68
 selling,164.68,164.98
 food.,164.98,165.52
 Thumbs,165.94,166.22
 up,166.22,166.42
 if,166.42,166.52
 you,166.52,166.72
 think,166.72,167.2
 food,167.2,167.76
 is,167.76,168.7
 the,168.7,168.84
 most,168.84,169.32
 important,169.32,169.78
 good.,169.78,170.26
 What,170.98,171.54
 do,171.54,171.6
 you,171.6,171.72
 think?,171.72,172.06
 I,173.1,173.98
 think,173.98,173.98
 it's,173.98,173.98
 the,173.98,173.98
 most,173.98,173.98
 important,173.98,173.98
 good.,173.98,173.98
 Let's,173.98,174.26
 see.,174.26,175.7
 Saving,176.78,177.66
 lives.,177.66,178.54
 In,179.54,179.56
 my,179.56,179.88
" opinion,",179.88,180.46
 doctors,180.6,181.02
 and,181.02,181.28
 nurses,181.28,181.74
 provide,181.74,182.28
 the,182.28,182.46
 most,182.46,182.98
 important,182.98,183.54
 service.,183.54,184.18
 Because,184.86,184.86
 they,184.86,185.26
 take,185.26,185.56
 care,185.56,185.88
 of,185.88,186.12
 people.,186.12,186.68
 Doctors,187.76,188.2
 and,188.2,188.42
 nurses,188.42,188.82
 give,188.82,189.14
 medicine,189.14,189.66
 to,189.66,189.94
 sick,189.94,190.18
 people.,190.18,190.64
 They,191.2,191.36
 help,191.36,191.54
 people,191.54,191.86
 get,191.86,192.12
 well.,192.12,192.66
 Doctors,193.58,194.04
 and,194.04,194.28
 nurses,194.28,194.74
 save,194.74,195.12
 lives,195.12,195.6
 every,195.6,196.1
 day.,196.1,196.52
 They,196.52,197.36
 make,197.36,197.36
 people's,197.36,197.36
 lives,197.36,197.36
 easier.,197.36,197.36
 I,197.36,197.36
 think,197.36,197.36
 they,197.36,197.52
 perform,197.52,198.16
 the,198.16,198.34
 most,198.34,198.98
 important,198.98,199.78
 service.,199.78,200.54
 I,202.04,202.72
 would,202.72,203.12
 agree,203.12,203.36
 with,203.36,203.6
 that,203.6,203.8
 right,203.8,204.12
 now.,204.12,204.4
 Would,204.66,204.66
 you,204.66,204.94
 with,204.94,205.18
 the,205.18,205.78
 coronavirus?,205.78,206.3
 Doctors,206.94,207.14
 and,207.14,207.34
 nurses,207.34,207.68
 are,207.68,208.1
 pretty,208.1,208.82
 important,208.82,209.36
 right,209.36,209.64
 now.,209.64,209.82
 Aren't,210.04,210.04
 they?,210.04,210.68
 They're,212.62,213.62
 busy.,213.62,213.86
 Using,215.22,215.74
 technology.,215.74,216.68
 In,218.16,218.16
 my,218.16,218.6
" opinion,",218.6,219.1
 technology,219.1,219.54
 is,219.54,219.54
 the,219.54,219.54
 most,219.54,219.54
 important,219.54,219.54
 good.,219.54,219.54
 Goods,219.54,219.6
 made,219.6,220.02
 for,220.02,220.94
 technology,220.94,221.6
 are,221.6,221.88
 important.,221.88,222.28
 They,222.82,222.82
 make,222.82,223.14
 people's,223.14,223.7
 lives,223.7,223.94
 easier.,223.94,224.94
 Telephones,226.52,227.28
 help,227.28,227.52
 people,227.52,227.94
 communicate.,227.94,228.7
 Computers,229.48,230.06
 help,230.06,230.24
 people,230.24,230.58
 do,230.58,230.78
 their,230.78,231.1
 work.,231.1,231.36
 Even,233.38,234.0
 right,234.0,234.42
" now,",234.42,234.82
 technology,235.48,235.48
 is,235.48,236.44
 saving,236.44,237.02
 us.,237.02,237.66
" Otherwise,",238.18,238.62
 we,238.74,238.8
 wouldn't,238.8,239.02
 be,239.02,239.2
 able,239.2,239.4
 to,239.4,239.58
 do,239.58,239.72
 school.,239.72,240.38
 And,241.08,241.14
 talk,241.14,241.38
 to,241.38,241.52
 each,241.52,241.78
 other,241.78,241.98
 on,241.98,242.24
 Zoom.,242.24,242.76
 Technology,243.04,243.8
 is,243.8,244.02
 pretty,244.02,244.34
 important,244.34,244.74
 too.,244.74,245.58
" Cars,",249.6,250.22
" buses,",250.38,250.86
 and,251.2,251.38
 airplanes,251.38,251.92
 take,251.92,252.36
 people,252.36,252.7
 where,252.7,253.06
 they,253.06,253.22
 need,253.22,253.56
 to,253.56,253.7
 go.,253.7,254.2
" Telephones,",254.82,255.56
" computers,",255.8,256.38
 and,256.72,256.8
 ways,256.8,257.14
 to,257.14,257.3
 travel,257.3,257.68
 make,257.68,257.92
 people's,257.92,258.48
 lives,258.48,258.68
 easier,258.68,259.22
 every,259.22,259.6
 day.,259.6,260.0
 I,262.26,262.66
 don't,262.66,262.96
 know.,262.96,263.34
 What's,263.34,263.88
 the,263.88,264.1
 most,264.1,264.4
 important?,264.4,264.9
 Technology?,265.14,266.12
 Food?,269.18,269.88
 Helping,271.96,272.54
 us,272.54,272.8
 learn.,272.8,273.12
 In,273.24,273.46
 my,273.46,273.88
" opinion,",273.88,274.46
 teachers,274.92,275.64
 provide,275.64,276.32
 the,276.32,276.54
 most,276.54,277.0
 important,277.0,277.68
 service.,277.68,279.12
 Yeah!,281.06,282.04
 They,284.2,285.18
 work,285.18,285.6
 hard,285.6,286.08
 to,286.08,286.4
 help,286.4,286.66
 children,286.66,287.32
 succeed.,287.32,287.81
 Teachers,289.26,289.72
 help,289.72,290.06
 students,290.06,290.64
 learn,290.64,291.1
 to,291.1,291.5
 read,291.5,291.78
 and,291.78,292.24
 write.,292.24,292.76
 They,292.76,294.06
 teach,294.06,294.48
 children,294.48,294.98
 how,294.98,295.28
 to,295.28,295.66
 explore,295.66,296.14
 and,296.14,296.5
 solve,296.5,296.74
 problems.,296.74,297.62
 Teachers,298.38,298.72
 provide,298.72,299.3
 the,299.3,299.54
 most,299.54,299.94
 important,299.94,300.5
 service,300.5,300.94
 of,300.94,301.24
 all.,301.24,301.92
 Although,302.62,302.98
 right,302.98,303.34
" now,",303.34,303.58
 that,303.58,303.78
 would,303.78,303.96
 be,303.96,304.18
 your,304.18,304.4
 moms,304.4,304.66
 and,304.66,305.02
 dads.,305.02,305.36
 Your,307.04,307.76
 moms,307.76,308.14
 and,308.14,308.46
 dads,308.46,308.66
 are,308.66,308.92
 the,308.92,309.18
 most,309.18,309.5
 important,309.5,309.96
 teachers,309.96,310.46
 right,310.46,310.76
 now.,310.76,312.06
 Conclusion.,314.72,315.44
 You,316.62,317.16
 just,317.16,317.44
 read,317.44,317.7
 four,317.7,318.24
 people's,318.24,318.86
 opinions,318.86,319.26
 about,319.26,319.58
 the,319.58,319.82
 goods,319.82,320.0
 and,320.0,320.34
 services,320.34,320.68
 that,320.68,320.92
 are,320.92,321.24
 important,321.24,321.62
 to,321.62,321.86
 them.,321.86,322.26
 What,322.62,322.74
 are,322.74,322.74
 they?,322.74,322.74
 What,322.74,323.28
 are,323.28,323.78
 the,323.78,323.78
 things,323.78,323.78
 that,323.78,323.78
 are,323.78,323.78
 important,323.78,323.78
 to,323.78,323.78
 them?,323.78,323.78
 What,323.78,323.78
 good,323.78,323.78
 or,323.78,324.18
 service,324.18,324.56
 do,324.56,324.9
 you,324.9,325.24
 think,325.24,325.58
 is,325.58,326.02
 most,326.02,326.56
 important?,326.56,327.22
" Now,",328.88,329.6
 there,329.84,330.38
 are,330.38,330.74
 a,330.74,330.84
 lot,330.84,331.08
 more,331.08,331.46
 than,331.46,331.98
 what,331.98,332.32
 we,332.32,332.62
 talked,332.62,332.82
 about,332.82,333.1
 here.,333.1,333.86
 Okay.,336.4,336.92
 So,336.96,337.14
 there's,337.14,337.4
 a,337.4,337.54
 lot,337.54,337.66
 more,337.66,337.98
 services,337.98,338.56
 and,338.56,339.02
 goods,339.02,339.46
 that,339.46,339.98
 we,339.98,340.36
 have,340.36,341.14
 around,341.14,342.3
 us.,342.3,342.86
 This,344.14,344.4
 one,344.4,344.58
 just,344.58,344.88
 talked,344.88,345.06
 about,345.06,346.06
 doctors,346.58,346.96
 and,346.96,347.26
 teachers,347.26,347.96
 and,347.96,348.3
 the,348.3,349.08
 world.,349.08,349.08
 Technology,349.08,349.08
 and,349.08,349.58
 food.,349.58,350.02
 I,352.66,352.88
 bet,352.88,353.14
 you,353.14,353.34
 there's,353.34,353.68
 a,353.68,353.8
 lot,353.8,354.24
 more.,354.24,354.72
 I'm,356.18,356.74
 going,356.74,356.84
 to,356.84,356.94
 unmute,356.94,357.22
 you,357.22,357.46
 all.,357.46,357.8
 What,360.84,361.4
 are,361.4,361.6
 some,361.6,361.8
 goods,361.8,361.96
 and,361.96,362.2
 services,362.2,362.58
 that,362.58,362.78
 you,362.78,363.0
 guys,363.0,363.66
 could,363.66,363.94
 think,363.94,364.26
 of,364.26,364.54
 that,364.54,364.62
 maybe,364.62,364.86
 we,364.86,365.04
 didn't,365.04,365.18
 talk,365.18,365.48
 about,365.48,365.66
 in,365.66,365.86
 there?,365.86,366.0
 Water.,366.46,366.96
 Zulema?,369.28,369.9
 My,371.94,372.22
 family,372.22,372.92
 and,372.92,373.38
 food.,373.38,373.82
 Police,376.44,377.08
 officers.,377.08,377.78
 That's,378.08,378.2
 right.,378.2,378.54
 People,378.54,379.22
 that,379.22,381.5
 make,381.5,381.62
 houses.,381.62,382.16
 Construction,386.06000000000006,387.02000000000004
 workers.,387.02000000000004,387.98
 Construction,387.98,389.36
 workers.,389.36,390.06
 Construction,391.62,391.62
 workers.,391.62,392.88
 That's,395.68,397.08
 right.,397.08,397.08
 Firemen.,398.32,399.72
 That's,399.88,400.06
 right.,400.06,400.32
 They,400.54,400.54
 definitely,400.54,401.24
 are,401.24,401.84
 a,401.84,401.96
 service.,401.96,402.42
 Ambulances.,405.64,406.34
 Yes.,407.06,407.6
 What,408.62,409.1
 else?,409.1,410.12
 What,410.12,410.74
 is,410.74,410.74
 the,410.74,410.74
 best,410.74,410.74
 service?,410.74,410.74
 I,413.84,413.94
 think,413.94,414.7
 police,414.7,415.32
 officers,415.32,415.92
 because,417.32,418.4
 my,418.4,419.36
 mother,419.36,420.04
 went,422.92,424.0
 to,424.0,424.44
 sea.,424.44,424.56
 Just,425.7,426.58
 pump,426.58,426.88
 them.,426.88,427.14
 What,429.54,430.5
 were,430.5,430.58
 you,430.58,430.76
 going,430.76,430.88
 to,430.88,430.92
" say,",430.92,431.18
 Emory?,431.26,431.74
 I'm,434.24,434.96000000000004
 going,434.96000000000004,435.68
 to,435.68,438.52
 just,438.52,438.94
 pop,438.94,439.32
 those.,439.32,440.06
" Oh,",441.12,441.16
 that's,441.24,441.64
 it?,441.64,442.02
 Yes.,443.14,443.5
 So,444.96,445.2
 in,445.2,446.02
 your,446.02,446.28
" package,",446.28,446.74
 do,447.3,447.64
 you,447.64,447.76
 guys,447.76,447.96
 have,447.96,448.22
 this?,448.22,449.1
 Pack,451.52,451.88
 it,451.88,452.04
 in,452.04,452.16
 front,452.16,452.36
 of,452.36,452.56
 you?,452.56,452.88
 I,453.68,454.4
 don't,454.4,454.58
 remember,454.58,455.04
 what,455.04,455.28
 your,455.28,455.58
 very,455.58,455.94
 first,455.94,456.32
 page,456.32,456.54
 was,456.54,456.8
 on,456.8,457.0
 your,457.0,457.28
 package.,457.28,457.62
 I'm,459.68,460.2
 wondering,460.2,460.56
 if,460.56,460.8
 it,460.8,460.94
 was,460.94,461.18
 this,461.18,461.54
 page.,461.54,461.78
 Was,461.78,461.78
 it,461.78,462.06
 this,462.06,462.32
 page?,462.32,463.02
" Yeah,",469.46,469.72
 is,469.78,469.84
 that,469.84,469.98
 the,469.98,470.1
 first,470.1,470.3
" page,",470.3,470.58
 Emery?,470.84,471.42
 Woohoo!,472.36,472.88
 I,473.0,473.06
 guessed,473.06,473.32
 right.,473.32,473.8
 I'm,473.8,473.94
 going,473.94,474.22
 to,474.22,474.5
 read,474.5,474.56
 one,474.56,474.88
 more.,474.88,475.2
 I'm,475.64,476.28
 going,476.28,476.6
 to,476.6,477.52
 read,477.52,477.52
 one,477.52,477.68
 more.,477.68,477.68
 We,481.12,481.76
 use,481.76,482.4
 goods,482.4,482.74
 and,482.74,482.94
 services.,482.94,483.66
 I'm,486.76,487.4
 going,487.4,487.84
 to,487.84,488.16
 read,488.16,488.16
 one,488.16,488.96
 more.,488.96,489.28
 Okay.,489.28,489.4
 So,490.3,490.64
 on,490.64,491.08
 the,491.08,491.3
 top,491.3,491.52
 of,491.52,491.76
 this,491.76,492.36
" page,",492.36,492.8
 it,493.42,493.44
 says,493.44,493.62
 we,493.62,493.82
 will,493.82,494.08
 be,494.08,494.28
 learning,494.28,494.62
 about,494.62,495.02
 using,495.02,495.46
 and,495.46,496.36
 trading,496.36,497.1
 goods,497.1,497.5
 and,497.5,497.82
 services.,497.82,498.14
 I'm,498.22,498.4
 going,498.4,498.52
 to,498.52,498.62
 read,498.62,498.74
 one,498.74,499.02
 more,499.02,499.24
 story,499.24,499.58
 today.,499.58,500.62
 It,501.5,501.62
 says,501.62,501.66
 let's,501.66,502.06
 think,502.06,502.34
 about,502.34,502.62
 this,502.62,502.9
 question.,502.9,503.3
 Why,503.5,503.98
 do,503.98,504.24
 people,504.24,504.8
 trade,504.8,505.26
 with,505.26,505.58
 each,505.58,505.86
 other?,505.86,506.16
 I'm,506.16,506.96
 going,506.96,506.96
 to,506.96,506.96
 read,506.96,506.96
 one,506.96,506.96
 more,506.96,506.96
 story.,506.96,506.96
 So,506.96,506.96
 at,506.96,507.12
 the,507.12,507.3
 top,507.3,507.54
 right,507.54,507.86
" here,",507.86,508.42
 if,508.72,508.74
 you,508.74,508.94
 have,508.94,509.18
" yours,",509.18,509.52
 read,509.66,509.74
 this,509.74,509.98
 with,509.98,510.16
 me.,510.16,510.3
 It,510.4,510.4
 says,510.4,510.78
 trade.,510.78,511.38
 When,511.72,511.96
 you,511.96,512.4
 trade,512.4,512.56
 with,512.56,512.98
" someone,",512.98,513.38
 you,514.0,514.28
 give,514.28,514.36
 or,514.36,514.64
 do,514.64,515.0
 something,515.0,515.5
 and,515.5,515.84
 get,515.84,516.12
 something,516.12,516.54
 in,516.54,516.74
 return.,516.74,517.3
 You're,518.62,519.18
 supposed,519.18,519.5
 to,519.5,519.98
 discuss.,519.98,520.42
 You,520.48,520.62
 guys,520.62,520.8
 are,520.8,520.92
 going,520.92,521.04
 to,521.04,521.08
 be,521.08,521.22
 doing,521.22,521.48
 this,521.48,521.86
 later.,521.86,522.18
 You,522.34,522.34
 can,522.34,522.54
 discuss,522.54,522.9
 with,522.9,523.08
 your,523.08,523.32
 mom,523.32,523.56
 or,523.56,523.76
 dad,523.76,523.92
 or,523.92,524.04
 brother,524.04,524.36
 or,524.36,524.36
 sister.,524.36,524.98
 Discuss,525.8,526.28
 with,526.28,526.5
 a,526.5,526.74
 partner,526.74,527.18
 a,527.18,527.68
 time,527.68,527.96
 when,527.96,528.22
 you,528.22,528.54
 traded,528.54,528.78
 with,528.78,529.2
 someone.,529.2,529.56
 You,529.56,530.42
 can,530.42,530.42
 think,530.42,530.42
 about,530.42,530.8
 it,530.8,530.8
 and,530.8,531.18
 draw,531.18,531.58
 a,531.58,531.82
 picture.,531.82,532.12
 You're,532.24,532.42
 going,532.42,532.62
 to,532.62,532.88
 think,532.88,533.16
 about,533.16,533.42
 a,533.42,533.5
 time,533.5,533.72
 you,533.72,534.08
 traded,534.08,534.5
 with,534.5,534.72
 somebody.,534.72,535.96
 It,536.92,537.46
 could,537.46,537.74
 be,537.74,538.84
 like,538.84,539.38
 you,539.38,539.78
 traded,539.78,540.18
 a,540.18,540.36
 pencil,540.36,540.76
 for,540.76,541.08
 an,541.08,541.22
 eraser.,541.22,541.72
 Or,542.32,542.34
 you,542.34,542.36
 traded,542.36,542.98
 snacks,542.98,543.54
 at,543.54,543.94
 school,543.94,544.1
 even,544.1,544.36
 though,544.36,544.44
 you're,544.44,544.6
 not,544.6,544.76
 supposed,544.76,545.04
 to,545.04,545.22
 do,545.22,545.26
 that.,545.26,545.92
 Or,547.0600000000001,547.7
 maybe,547.7,548.02
 with,548.02,548.38
 your,548.38,548.48
 brother,548.48,548.94
 or,548.94,548.94
 sister.,548.94,549.58
 I,550.3,550.3
 know,550.3,550.58
 sometimes,550.58,551.3
 Colson,551.3,551.56
 and,551.56,551.84
" Cannon,",551.84,552.38
 Colson,552.94,553.62
 will,553.62,553.88
 say,553.88,554.12
 I'll,554.12,554.42
 give,554.42,554.56
 you,554.56,554.88
 my,554.88,555.56
 pears,555.56,556.14
 if,556.14,556.6
 you,556.6,556.72
 give,556.72,556.96
 me,556.96,557.1
 your,557.1,557.28
 tomatoes.,557.28,557.82
 You,557.82,558.94
 can,558.94,558.94
 talk,558.94,558.94
 about,558.94,558.94
 that.,558.94,558.94
 Because,558.94,558.94
 Cannon,558.94,559.36
 doesn't,559.36,559.64
 like,559.64,560.04
 pears.,560.04,560.42
 So,562.56,562.56
 they,562.56,562.76
 trade.,562.76,563.24
 So,565.08,565.6
 you,565.6,565.78
 guys,565.78,566.08
 can,566.08,566.46
 talk,566.46,566.76
 about,566.76,567.24
 that.,567.24,567.82
 And,570.66,570.92
 then,570.92,571.14
 is,571.14,571.38
 this,571.38,571.62
 your,571.62,571.84
 next,571.84,572.14
 page,572.14,572.44
 right,572.44,572.72
 here?,572.72,573.1
 I,574.1,574.32
 don't,574.32,574.52
 think,574.52,574.84
 I,574.84,574.84
 included,574.84,575.1
 this,575.1,575.46
 page.,575.46,575.66
 Yeah.,577.66,578.38
 So,582.38,582.9
 that,582.9,583.36
 one,583.36,583.56
 is,583.56,583.7
 easy,583.7,583.94
 peasy.,583.94,584.22
 These,588.1,588.62
 are,588.62,588.84
 just,588.84,589.2
 different,589.2,589.68
 examples,589.68,590.2
 of,590.2,590.56
 services.,590.56,591.12
 If,591.98,592.12
 we,592.12,592.26
 look,592.26,592.5
 at,592.5,592.66
" here,",592.66,592.92
 here's,593.02,593.38
 a,593.38,593.64
 nurse.,593.64,594.16
 Right?,595.24,595.5
 A,596.66,596.9
 nurse,596.9,597.14
 is,597.14,597.78
 a,597.78,597.9
 service.,597.9,598.36
 A,598.76,599.26
 farmer.,599.26,599.66
 Oh,600.02,600.14
 my,600.14,600.32
 goodness.,600.32,600.74
 Farmers,601.26,601.62
 are,601.62,601.78
 so,601.78,602.06
 important,602.06,602.42
 because,602.42,602.92
 if,602.92,603.22
 we,603.22,603.4
 didn't,603.4,603.58
 have,603.58,603.74
" farmers,",603.74,604.18
 we'd,604.34,604.62
 have,604.62,604.74
 to,604.74,604.86
 go,604.86,605.08
 pick,605.08,605.2
 all,605.2,605.46
 of,605.46,605.62
 our,605.62,605.84
 own,605.84,606.14
 produce.,606.14,606.5
 All,606.62,606.84
 of,606.84,606.94
 our,606.94,607.14
 fruit,607.14,607.32
 and,607.32,607.5
 vegetables.,607.5,608.06
 So,608.06,608.06
 that's,608.06,608.54
 a,608.54,608.54
 good,608.54,608.78
 example.,608.78,608.78
 What,608.78,609.18
 is,609.18,609.64
 it?,609.64,609.74
 What?,610.12,610.68
 What?,611.32,612.06
 That's,613.7,614.44
 right.,614.44,614.86
 And,615.36,615.36
 I,615.36,615.58
 don't,615.58,615.74
 know,615.74,615.82
 how,615.82,615.98
 to,615.98,616.14
 grow,616.14,616.46
 food,616.46,616.76
 like,616.76,617.04
 farmers,617.04,617.44
 do.,617.44,618.1
 a,620.64,620.92
 veterinarian.,620.92,621.92
 That's,622.18,622.78
 a,622.78,622.86
 big,622.86,623.1
 word.,623.1,623.46
 What,624.54,625.1
 is,625.1,625.38
 that?,625.38,625.72
 What's,625.96,626.16
 a,626.16,626.3
 veterinarian?,626.3,627.64
 What,629.86,630.48
 is,630.48,630.72
 it?,630.72,630.9
 What's,631.32,631.34
 a,631.34,631.34
 veterinarian?,631.34,631.54
 What's,631.96,632.44
 a,632.44,632.48
 veterinarian?,632.48,632.48
 It's,632.82,633.3
 a,633.3,633.46
 doctor,633.46,633.78
 for,633.78,634.98
 pets.,634.98,634.98
 Yes.,635.94,636.28
 They,636.42,636.5
 take,636.5,636.74
 care,636.74,636.92
 of,636.92,637.04
 our,637.04,637.24
 pets.,637.24,637.4
 Sometimes,637.52,637.74
 we,637.74,637.92
 call,637.92,638.3
 them,638.3,638.5
 a,638.5,638.64
 vet.,638.64,638.98
 This,642.74,643.22
 is,643.22,643.7
 being,643.7,643.96
 recorded.,643.96,644.52
 So,646.38,646.5
 a,646.5,646.8
 vet.,646.8,647.0
 They,647.32,647.32
 take,647.32,647.44
 care,647.44,647.68
 of,647.68,647.78
 our,647.78,647.98
 animals.,647.98,648.4
 And,649.06,649.06
 without,649.06,649.36
" them,",649.36,649.68
 our,649.74,649.86
 animals,649.86,650.3
 would,650.3,651.56
 be,651.56,652.1
 hurt.,652.1,652.42
 What,653.06,653.66
 is,653.66,653.66
 a,653.66,653.66
 firefighter?,653.66,653.66
 A,653.66,654.06
 police,654.06,654.28
 officer?,654.28,654.98
 Firefighter?,657.16,657.76
" Oh,",658.1,658.28
 a,658.4,658.62
 crossing,658.62,659.04
 guard.,659.04,659.5
 What's,659.72,659.96
 a,659.96,660.12
 crossing,660.12,660.46
 guard?,660.46,661.04
" Yes,",662.2,662.62
 Jackson.,663.04,663.04
 What,664.02,664.22
 is,664.22,665.0
 it?,665.0,665.0
 It's,665.98,666.58
 something,666.58,666.9
 that,666.9,667.32
 helps,667.32,667.52
 you,667.52,667.78
 cross,667.78,668.12
 the,668.12,668.4
 road.,668.4,668.56
 That's,669.18,669.52
 right.,669.52,669.8
 Like,669.84,670.08
 when,670.08,670.62
 some,670.62,670.9
 teachers,670.9,671.18
 are,671.18,671.42
 out,671.42,671.56
 on,671.56,671.72
 yard,671.72,671.92
 duty,671.92,672.12
 and,672.12,672.26
 they,672.26,672.46
 help,672.46,672.54
 you,672.54,672.76
 cross,672.76,672.96
 the,672.96,673.26
 street.,673.26,673.62
 And,677.18,677.26
 a,677.26,677.64
 librarian.,677.64,678.34
 That's,679.14,679.56
 a,679.56,679.68
 service,679.68,679.98
 that,679.98,680.22
 we,680.22,680.42
" need,",680.42,680.66
 right?,680.84,681.14
 A,682.36,682.88
 custodian?,682.88,683.4
 Like,683.64,683.64
 Mr.,683.64,684.08
 Mark,684.1,684.3
 or,684.3,684.44
 Mr.,684.44,684.84
 Larry.,684.88,685.16
 They,685.52,685.52
 come,685.52,685.74
 and,685.74,685.92
 help,685.92,686.06
 us,686.06,686.6
 clean,686.6,686.88
 up,686.88,687.18
 our,687.18,687.88
 messes,687.88,688.58
 and,688.58,688.72
 take,688.72,688.92
 care,688.92,689.12
 of,689.12,689.22
 our,689.22,689.34
 campus.,689.34,689.96
 And,690.62,690.74
 then,690.74,690.98
 a,690.98,691.08
 doctor.,691.08,691.48
 You,691.74,691.9
 just,691.9,692.14
 have,692.14,692.32
 to,692.32,692.46
 match,692.46,692.74
 those.,692.74,693.6
 Easy,693.76,693.92
 peasy.,693.92,694.26
 You,694.4,694.4
 know,694.4,694.5
 that,694.5,694.78
" one,",694.78,694.94
 right?,695.02,695.4
 Okay.,697.34,697.86
 And,698.04,698.3
 then,698.3,698.98
 this,698.98,699.36
 page,699.36,699.8
 should,699.8,700.04
 be,700.04,700.28
 the,700.28,700.38
 next,700.38,700.68
 page.,700.68,701.08
 Yes.,703.18,703.44
 Okay.,705.8199999999999,706.54
 All,706.8,706.94
 right.,706.94,707.44
 It,707.66,707.96
" says,",707.96,708.26
 we,708.76,708.76
 learned,708.76,709.06
 that,709.06,709.42
 goods,709.42,709.7
 are,709.7,710.04
 things,710.04,710.4
 that,710.4,710.82
 are,710.82,711.1
 made,711.1,711.46
 or,711.46,711.9
 grown.,711.9,712.32
 They,712.98,713.22
 are,713.22,713.48
 things,713.48,713.82
 we,713.82,714.18
 need,714.18,714.44
 or,714.44,714.82
 want.,714.82,715.28
 A,716.1,716.24
 service,716.24,716.6
 is,716.6,716.88
 a,716.88,717.1
 job,717.1,717.46
 that,717.46,717.9
 someone,717.9,718.26
 does,718.26,718.64
 to,718.64,718.92
 help,718.92,719.08
 us.,719.08,719.74
 Think,720.02,720.34
 about,720.34,720.76
 goods,720.76,721.28
 you,721.28,721.8
 use,721.8,722.2
 or,722.2,722.72
 want,722.72,723.1
 and,723.1,723.54
 services,723.54,724.14
 that,724.14,724.48
 are,724.48,724.78
 important.,724.78,725.3
 So,725.42,725.62
 there's,725.62,725.9
 a,725.9,726.2
 lot,726.2,726.56
 of,726.56,727.34
 goods,727.34,727.64
 and,727.64,727.98
 services.,727.98,728.38
 So,728.68,728.9
 one,728.9,729.3
 that's,729.3,729.7
 important,729.7,730.0
 to,730.0,730.26
" you,",730.26,730.48
 one,730.48,730.62
 good,730.62,731.22
 that's,731.22,731.74
 important,731.74,732.14
 to,732.14,732.34
 you.,732.34,732.56
 Like,732.8,732.88
 for,732.88,733.1
" me,",733.1,733.82
 I,733.84,734.04
 love,734.04,734.42
 vegetables,734.42,735.06
 because,735.06,735.46
 I,735.46,735.96
 love,735.96,736.4
 vegetables,736.4,736.84
 so,736.84,737.14
 much.,737.14,737.28
 So,737.3,737.44
 I,737.44,737.54
 would,737.54,737.74
 write,737.74,737.96
 food,737.96,738.36
 for,738.36,738.74
 sure.,738.74,739.62
 You,740.04,740.52
 could,740.52,740.74
 also,740.74,741.02
 write,741.02,741.22
 technology,741.22,741.92
 like,741.92,742.26
 that,742.26,742.5
 used,742.5,742.68
 as,742.68,742.92
 an,742.92,743.18
 example,743.18,743.76
 in,743.76,744.14
 there.,744.14,744.68
 And,745.68,745.9
 then,745.9,746.0
 you,746.0,746.1
 can,746.1,746.28
 think,746.28,746.46
 of,746.46,746.66
 other,746.66,746.9
 goods.,746.9,747.22
 What,747.32,747.4
 are,747.4,747.58
 some,747.58,747.76
 other,747.76,748.0
 goods,748.0,748.36
 that,748.36,748.72
 you,748.72,748.86
 can,748.86,749.08
 think,749.08,749.28
 of,749.28,749.48
 that,749.48,749.64
 are,749.64,749.94
 important,749.94,750.28
 to,750.28,750.52
 you?,750.52,750.74
 What,751.72,751.86
 do,751.86,751.98
 you,751.98,752.12
 think?,752.12,752.24
 Does,752.28,752.44
 anybody,752.44,752.7
 have,752.7,752.96
 any,752.96,753.46
 ideas,753.46,753.96
 or,753.96,754.3
 examples,754.3,754.76
 of,754.76,754.94
 what,754.94,755.12
 some,755.12,755.46
 goods,755.46,755.72
 are?,755.72,756.66
 I,756.66,757.68
 think,757.68,757.9
 water.,757.9,758.6
 I,759.68,759.68
 think,759.68,760.02
 water.,760.02,760.94
 That's,761.9,761.9
 right.,761.9,762.26
" Halle,",762.74,762.86
 what,762.86,763.02
 do,763.02,763.06
 you,763.06,763.26
 think?,763.26,763.7
 If,764.08,764.08
 there's,764.08,765.08
 something,765.08,765.08
 like,765.08,765.62
 something,765.62,766.32
 you,766.32,768.18
 would,768.18,768.4
 go,768.4,768.7
 and,768.7,768.92
 help,768.92,769.22
 them.,769.22,769.8
 Right.,770.44,770.72
" Well,",773.22,773.22
 even,773.44,773.58
" like,",773.58,774.04
" okay,",774.16,774.44
 so,774.64,774.82
 doctors,774.82,775.14
 are,775.14,775.46
 a,775.46,775.54
 service.,775.54,775.84
 But,775.96,776.06
 what,776.06,776.22
 about,776.22,776.46
 like,776.46,776.8
 medicine?,776.8,777.24
 Is,778.36,778.48
 it,778.48,778.72
 medicine,778.72,779.14
 good?,779.14,779.6
 Yes.,781.38,781.6
 Absolutely.,782.06,782.6
 That's,782.6,783.18
 something,783.18,783.4
 that,783.4,783.68
 we,783.68,783.88
 would,783.88,784.1
 use,784.1,784.6
 in,784.6,785.06
" medicine,",785.06,785.6
 especially,785.96,786.34
 right,786.34,786.62
" now,",786.62,786.8
 is,786.8,787.1
 very,787.1,787.52
 important.,787.52,788.22
 So,789.82,790.1
 remember,790.1,790.54
 in,790.54,790.76
 this,790.76,791.08
" book,",791.08,791.66
 it,792.14,792.14
 says,792.14,793.0
 goods,793.0,793.82
 are,793.82,794.12
 things,794.12,794.4
 that,794.4,794.68
 people,794.68,795.08
" grow,",795.08,795.96
" make,",796.74,797.4
" buy,",798.1,798.7
 or,799.22,799.66
 sell.,799.66,800.06
 So,800.72,801.02
 things,801.02,801.2
 that,801.2,801.38
 you,801.38,801.5
 go,801.5,801.66
 to,801.66,801.86
 the,801.86,802.02
 grocery,802.02,802.42
 store,802.42,802.76
 for,802.76,803.28
 or,803.28,803.86
 target,803.86,804.3
" for,",804.3,804.6
 those,804.62,804.82
 are,804.82,805.0
 all,805.0,805.24
 goods.,805.24,805.38
" Clothes,",806.48,806.88
" clothing,",807.06,807.58
 that's,809.0200000000001,809.82
 a,809.82,809.88
 pretty,809.88,810.12
 important,810.12,810.72
 thing.,810.72,811.1
 Don't,811.1,811.4
 you,811.4,811.62
 think?,811.62,811.86
" Shoes,",814.54,815.0999999999999
 jackets.,815.0999999999999,815.66
" Man,",816.34,816.62
 we,816.78,816.78
 need,816.78,817.08
 shoes,817.08,817.38
 or,817.38,817.62
 our,817.62,817.78
 toes,817.78,817.98
 will,817.98,818.22
 be,818.22,818.4
 freezing,818.4,818.84
 freezing.,818.84,819.4
 Right?,820.76,820.78
 So,822.1,822.2
 all,822.2,822.68
 those,822.68,822.94
" things,",822.94,823.22
 those,823.26,823.44
 are,823.44,823.66
 all,823.66,823.98
 goods.,823.98,824.42
 So,825.08,825.24
 think,825.24,825.4
 about,825.4,825.66
 that.,825.66,826.1
 And,826.42,826.58
 then,826.58,826.86
" services,",826.86,827.28
 what's,827.38,827.72
 so,827.72,828.08
 important,828.08,828.4
 to,828.4,828.66
 you?,828.66,828.98
 Right,829.68,829.88
" now,",829.88,830.14
 I,830.2,830.2
 think,830.2,830.48
 doctors,830.48,830.88
 and,830.88,831.1
 nurses,831.1,831.38
 are,831.38,831.6
 very,831.6,831.86
 important.,831.86,832.32
 But,832.32,832.5
 I,832.5,832.8
 also,832.8,833.06
 happen,833.06,833.32
 to,833.32,833.54
 be,833.54,833.92
 sure,833.92,834.18
 that,834.18,834.68
 firefighters,834.68,835.08
 are,835.08,835.34
 the,835.34,835.46
 most,835.46,835.72
 important.,835.72,836.32
" Sorry,",838.56,839.14
 Emory.,839.14,839.72
" Okay,",842.42,842.82
 now,842.96,843.56
 this,843.56,843.98
 next,843.98,844.34
" page,",844.34,844.76
 this,845.66,845.98
 next,845.98,846.28
 one,846.28,846.44
 is,846.44,847.14
 from,847.14,847.56
 Dairy,847.56,848.12
 Farm,848.12,848.48
 to,848.48,848.84
 You.,848.84,849.06
 So,849.12,849.38
 it's,849.38,849.58
 going,849.58,849.7
 to,849.7,849.86
 talk,849.86,850.0
 about,850.0,850.3
 this,850.3,850.66
 book.,850.66,850.98
 So,851.04,851.22
 I'm,851.22,851.36
 going,851.36,851.48
 to,851.48,851.6
 read,851.6,851.76
 one,851.76,852.02
 more,852.02,852.3
 book,852.3,852.6
 so,852.6,852.78
 that,852.78,852.94
 you,852.94,853.04
 can,853.04,853.32
 do,853.32,854.14
 more,854.14,854.42
 pages,854.42,854.76
 if,854.76,855.12
 you,855.12,855.4
 have,855.4,855.64
 time.,855.64,856.14
 That,858.02,858.38
 work?,858.38,858.84
 Alright.,859.9200000000001,860.32
 Unless,863.84,864.24
 you,864.24,864.44
 guys,864.44,864.58
 want,864.58,864.78
 to,864.78,864.92
 just,864.92,865.12
 be,865.12,865.32
" done,",865.32,865.52
 you,865.6,865.94
 guys,865.94,866.1
 want,866.1,866.2
 to,866.2,866.32
 just,866.32,866.46
 do,866.46,866.58
 that,866.58,866.84
 and,866.84,867.0
 then,867.0,867.22
 tomorrow,867.22,867.5
 I,867.5,867.66
 can,867.66,867.82
 read,867.82,867.96
 the,867.96,868.18
 Dairy,868.18,868.44
 Farm,868.44,868.7
 to,868.7,868.94
 You,868.94,869.14
 book.,869.14,869.44
 What,869.56,869.7
 do,869.7,869.78
 you,869.78,869.84
 want,869.84,869.94
 to,869.94,870.06
 do?,870.06,870.42
 What,870.7,870.82
 do,870.82,870.94
 you,870.94,870.98
 think?,870.98,871.5
 Is,872.44,872.64
 it,872.64,872.86
 too,872.86,873.12
 much,873.12,873.3
 if,873.3,873.46
 I,873.46,873.64
 read,873.64,873.76
 another,873.76,874.04
 book,874.04,874.26
 right,874.26,874.52
 now?,874.52,874.92
 Thank,875.64,875.72
 you.,875.72,876.12
" Okay,",877.58,877.96
 I'll,878.16,878.36
 save,878.36,879.02
 this,879.02,879.24
 book,879.24,879.46
 for,879.46,879.72
 tomorrow.,879.72,880.16
" Okay,",881.18,881.46
 do,881.46,881.6
 you,881.6,881.7
 guys,881.7,881.9
 want,881.9,882.02
 me,882.02,882.18
 to,882.18,882.32
 read,882.32,882.44
 this,882.44,882.78
 book,882.78,882.94
 one,882.94,883.18
 more,883.18,883.44
 time?,883.44,883.7
 Yeah.,885.22,885.62
 Yeah?,885.98,886.28
 Okay.,886.46,886.76
 And,886.76,887.16
 then,887.16,887.44
" remember,",887.44,887.9
 you,888.36,888.46
 can,888.46,888.72
 go,888.72,889.0
 onto,889.0,889.38
 your,889.38,889.74
 benchmark,889.74,890.2
 and,890.2,890.76
 I,890.76,891.06
 think,891.06,891.26
 this,891.26,891.62
 book,891.62,891.76
 is,891.76,892.0
 on,892.0,892.26
 there,892.26,892.54
 if,892.54,892.74
 you,892.74,892.94
 need,892.94,893.12
 to,893.12,893.26
 go,893.26,893.48
 back,893.48,893.68
 and,893.68,893.84
 look,893.84,894.02
 at,894.02,894.12
 it,894.12,894.28
 again.,894.28,894.52
 Okay?,895.34,895.34
" Okay,",896.7,897.1
 I'm,897.12,897.4
 going,897.4,897.52
 to,897.52,897.66
 read,897.66,897.82
 through,897.82,897.96
 it,897.96,898.1
 one,898.1,898.22
 more,898.22,898.44
 time.,898.44,898.6
 Here,898.64,898.76
 we,898.76,898.9
 go.,898.9,899.06
 I'm,899.12,899.12
 going,899.12,899.24
 to,899.24,899.34
 mute,899.34,899.48
 you,899.48,899.76
 so,899.76,899.98
 that,899.98,900.12
 way,900.12,900.28
 it's,900.28,900.46
 a,900.46,900.54
 little,900.54,900.62
 bit,900.62,900.78
 more,900.78,900.94
 quiet.,900.94,901.36
 Okay.,903.32,903.72
 Goods,904.44,904.84
 and,904.84,905.0
 services,905.0,905.48
 are,905.48,905.84
 important.,905.84,906.5
 Sit,906.66,906.84
 down,906.84,906.98
 please,906.98,907.28
 and,907.28,907.46
 follow,907.46,907.62
 along,907.62,907.82
 because,907.82,908.04
 you're,908.04,908.2
 going,908.2,908.3
 to,908.3,908.3
 be,908.3,908.42
 doing,908.42,908.5
 these,908.5,908.74
 pages,908.74,908.96
" too,",908.96,909.24
 buddy.,909.38,909.7
 Do,913.8800000000001,914.44
 you,914.44,915.0
 remember,915.0,915.12
 this,915.12,915.38
 right,915.38,915.6
 here?,915.6,916.1
 The,916.88,917.12
 table,917.12,917.42
 of,917.42,917.76
 contents.,917.76,918.46
" Okay,",919.44,919.78
 so,919.78,919.94
 on,919.94,920.08
 the,920.08,920.24
 table,920.24,920.44
 of,920.44,920.86
" contents,",920.86,921.22
 this,921.68,921.96
 is,921.96,922.2
 something,922.2,922.44
 that,922.44,922.78
 shows,922.78,923.02
" us,",923.02,923.38
" okay,",923.46,923.68
 this,923.78,924.1
 is,924.1,925.06
 a,925.7600000000001,926.32
 non,926.32,926.84
-fiction,926.84,927.18
 story,927.18,927.56
 here,927.56,927.86
 because,927.86,928.0
 it's,928.0,928.24
 showing,928.24,928.38
 me,928.38,928.56
 there's,928.56,928.74
 an,928.74,928.9
 introduction.,928.9,929.6
 Eating,930.2,930.5
 to,930.5,930.78
 survive,930.78,931.26
 is,931.26,931.5
 on,931.5,931.72
 page,931.72,931.92
 four.,931.92,932.54
 Saving,932.94,933.38
 lives,933.38,933.84
 is,933.84,934.06
 on,934.06,934.28
 page,934.28,934.58
 six.,934.58,935.28
" Okay,",935.54,935.98
 so,935.98,936.16
 don't,936.16,936.34
 forget,936.34,936.66
 what,936.66,936.86
 that,936.86,937.1
" is,",937.1,937.24
 a,937.24,937.46
 table,937.46,937.7
 of,937.7,938.02
" contents,",938.02,938.24
 right?,938.4,939.18
" Okay,",939.6,939.68
 so,939.68,939.68
 here,939.68,940.42
 we,940.42,940.58
 go.,940.58,941.4
 Introduction.,942.54,943.26
 Goods,944.8,945.38
 are,945.38,945.62
 things,945.62,945.98
 that,945.98,946.3
 people,946.3,946.64
" grow,",946.64,947.26
" make,",947.6,948.0
" buy,",948.46,948.68
 or,948.94,949.12
 sell.,949.12,949.48
" Food,",950.36,950.7
" clothing,",950.82,951.26
" cars,",951.36,951.72
 and,951.82,952.04
 homes,952.04,952.3
 are,952.3,952.66
 examples,952.66,953.08
 of,953.08,953.36
 goods.,953.36,953.76
 Services,955.04,955.4
 are,955.4,955.88
 work,955.88,956.24
 that,956.24,956.5
 people,956.5,956.84
 do,956.84,957.24
 for,957.24,957.58
 one,957.58,957.78
 another.,957.78,958.26
 So,959.06,959.24
 goods,959.24,959.68
 and,959.68,960.18
 services.,960.18,960.78
 For,961.58,961.8
" example,",961.8,962.66
" doctors,",963.36,963.94
" mechanics,",964.24,964.76
 and,965.04,965.22
 police,965.22,965.58
 officers,965.58,966.06
 provide,966.06,966.56
 services.,966.56,967.28
 All,967.28,968.56
 people,968.56,969.1
 need,969.1,969.5
 goods,969.5,969.86
 and,969.86,970.24
 services.,970.24,970.78
 In,971.32,971.56
 this,971.56,971.92
" book,",971.92,972.08
 you'll,972.08,972.4
 hear,972.4,972.56
 people's,972.56,973.16
 opinions,973.16,973.56
 about,973.56,973.9
 which,973.9,974.22
 goods,974.22,974.54
 and,974.54,974.9
 services,974.9,975.22
 are,975.22,975.52
 important,975.52,975.96
 to,975.96,976.18
 them.,976.18,976.9
 Eating,983.54,983.88
 to,983.88,984.18
 survive.,984.18,984.84
 In,985.46,985.84
 my,985.84,986.18
" opinion,",986.18,986.48
 the,986.54,986.84
 most,986.84,987.28
 important,987.28,987.78
 good,987.78,988.14
 is,988.14,988.58
 food,988.58,989.04
 because,989.04,989.64
 people,989.64,989.96
 cannot,989.96,990.28
 live,990.28,990.7
 without,990.7,991.06
 it.,991.06,991.7
 Food,992.22,992.64
 gives,992.64,992.9
 people,992.9,993.26
 energy.,993.26,993.82
 It,993.96,994.34
 helps,994.34,994.62
 people,994.62,994.94
 stay,994.94,995.24
 healthy.,995.24,995.52
 People,997.0200000000001,997.7
" grow,",997.7,998.2
" make,",998.54,998.68
" buy,",998.96,999.4
 and,999.58,999.82
 sell,999.82,1000.24
 food.,1000.24,1000.66
 So,1001.34,1001.62
 food,1001.62,1001.84
 is,1001.84,1002.1
 more,1002.1,1002.4
 important,1002.4,1002.9
 than,1002.9,1003.16
 any,1003.16,1003.46
 other,1003.46,1003.7
 good.,1003.7,1004.18
 Saving,1007.38,1007.9
 lives.,1007.9,1008.52
 In,1008.98,1009.0
 my,1009.0,1009.38
" opinion,",1009.38,1009.84
 doctors,1009.9,1010.28
 and,1010.28,1010.52
 nurses,1010.52,1010.8
 provide,1010.8,1011.24
 the,1011.24,1011.46
 most,1011.46,1011.82
 important,1011.82,1012.34
 service,1012.34,1012.88
 because,1012.88,1013.32
 they,1013.32,1013.56
 take,1013.56,1013.76
 care,1013.76,1013.96
 of,1013.96,1014.22
 people.,1014.22,1014.6
 Doctors,1015.4,1015.8
 and,1015.8,1016.04
 nurses,1016.04,1016.38
 give,1016.38,1016.66
 medicine,1016.66,1017.1
 to,1017.1,1017.4
 sick,1017.4,1017.94
 people.,1017.94,1018.48
 They,1019.4,1019.4
" even,",1019.4,1019.88
 or,1020.1,1020.4
 they,1020.4,1020.64
 help,1020.64,1020.8
 people,1020.8,1021.1
 get,1021.1,1021.32
 well.,1021.32,1021.7
 Doctors,1022.46,1022.86
 and,1022.86,1023.12
 nurses,1023.12,1023.46
 save,1023.46,1023.78
 lives,1023.78,1024.18
 every,1024.18,1024.64
 day.,1024.64,1025.0
 I,1025.32,1025.32
 think,1025.32,1025.54
 they,1025.54,1025.86
 perform,1025.86,1026.18
 the,1026.18,1026.42
 most,1026.42,1026.96
 important,1026.96,1027.86
 service.,1027.86,1028.76
 Using,1032.5,1033.22
 technology.,1033.22,1033.94
 In,1034.28,1034.5
 my,1034.5,1034.82
" opinion,",1034.82,1035.22
 goods,1035.48,1035.92
 made,1035.92,1036.66
 for,1036.66,1037.04
 technology,1037.04,1037.62
 are,1037.62,1037.94
 important,1037.94,1038.48
 because,1038.48,1038.84
 they,1038.84,1039.18
 make,1039.18,1039.36
 people's,1039.36,1039.7199999999998
 lives,1039.98,1040.2
 easier.,1040.2,1040.76
 For,1041.82,1042.1
" example,",1042.1,1042.88
 telephones,1043.46,1043.82
 help,1043.82,1044.04
 people,1044.04,1044.4
 communicate.,1044.4,1045.12
 Computers,1045.86,1046.32
 help,1046.32,1046.52
 people,1046.52,1046.8
 do,1046.8,1047.02
 their,1047.02,1047.28
 work,1047.28,1047.44
 and,1047.44,1047.68
 learn,1047.68,1047.82
 new,1047.82,1048.08
 skills.,1048.08,1048.6
" Cars,",1049.54,1049.98
" buses,",1050.12,1050.46
 and,1050.46,1050.72
 airplanes,1050.72,1051.14
 take,1051.14,1051.58
 people,1051.58,1051.9
 where,1051.9,1052.12
 they,1052.12,1052.32
 need,1052.32,1052.5
 to,1052.5,1052.7
 go.,1052.7,1053.1
" Telephones,",1053.8,1054.2
" computers,",1054.42,1054.86
 and,1055.06,1055.28
 ways,1055.28,1055.58
 to,1055.58,1055.86
 travel,1055.86,1056.12
 make,1056.12,1056.38
 people's,1056.38,1057.02
 lives,1057.02,1057.4
 easier,1057.4,1058.02
 every,1058.02,1058.84
 day.,1058.84,1059.34
 Helping,1061.94,1062.62
 us,1062.62,1062.9
 learn.,1062.9,1063.3
 In,1063.7,1064.02
 my,1064.02,1064.32
" opinion,",1064.32,1064.76
 teachers,1064.86,1065.28
 provide,1065.28,1065.74
 the,1065.74,1066.04
 most,1066.04,1066.46
 important,1066.46,1066.94
 service.,1066.94,1067.46
 They,1067.82,1068.16
 work,1068.16,1068.44
 hard,1068.44,1068.68
 to,1068.68,1068.96
 help,1068.96,1069.22
 children,1069.22,1069.64
 succeed.,1069.64,1070.2
 Teachers,1070.86,1071.16
 help,1071.16,1071.42
 students,1071.42,1071.94
 learn,1071.94,1072.24
 to,1072.24,1072.56
 read,1072.56,1072.82
 and,1072.82,1073.12
 write.,1073.12,1073.46
 They,1074.22,1074.7
 teach,1074.7,1074.96
 children,1074.96,1075.3
 how,1075.3,1075.52
 to,1075.52,1075.86
 explore,1075.86,1076.32
 and,1076.32,1076.9
 solve,1076.9,1077.16
 problems.,1077.16,1077.82
 Teachers,1078.58,1079.02
 provide,1079.02,1079.42
 the,1079.42,1079.66
 most,1079.66,1079.84
 important,1079.84,1080.44
 service.,1080.44,1080.94
 is,1081.32,1081.32
 the,1081.32,1081.32
 most,1081.32,1081.32
 important,1081.32,1081.32
 service,1081.32,1081.32
 of,1081.32,1081.32
 all.,1081.32,1082.0
 Conclusion.,1083.78,1084.3
 You,1084.86,1085.08
 just,1085.08,1085.36
 read,1085.36,1085.6
 four,1085.6,1085.94
 people's,1085.94,1086.54
 opinions,1086.54,1086.96
 about,1086.96,1087.44
 the,1087.44,1087.64
 goods,1087.64,1087.82
 and,1087.82,1088.08
 services,1088.08,1088.5
 that,1088.5,1088.7
 are,1088.7,1088.88
 important,1088.88,1089.28
 to,1089.28,1089.46
 them.,1089.46,1089.86
 What,1090.38,1090.66
 good,1090.66,1090.94
 or,1090.94,1091.2
 service,1091.2,1091.46
 do,1091.46,1091.7
 you,1091.7,1091.98
 think,1091.98,1092.18
 is,1092.18,1092.36
 most,1092.36,1092.66
 important?,1092.66,1093.28
 Something,1094.32,1094.84
 to,1094.84,1095.0
 think,1095.0,1095.2
 about.,1095.2,1095.46
 You're,1095.58,1095.64
 going,1095.64,1095.76
 to,1095.76,1095.84
 have,1095.84,1095.96
 to,1095.96,1096.1
 write,1096.1,1096.24
 that,1096.24,1096.48
 in,1096.48,1096.6
 an,1096.6,1096.82
 opinion,1096.82,1097.08
 writing,1097.08,1097.38
 later,1097.38,1097.88
 on.,1097.88,1098.46
 The,1100.56,1101.08
 other,1101.08,1101.5
 thing,1101.5,1101.7
 that,1101.7,1101.88
 I,1101.88,1102.0
 was,1102.0,1102.18
 going,1102.18,1102.34
 to,1102.34,1107.66
 mention,1107.66,1109.48
 is,1109.48,1109.48
 that,1109.48,1109.48
 you're,1109.48,1109.48
 going,1109.48,1109.48
 to,1109.48,1109.48
 also,1109.48,1111.12
 in,1111.12,1111.5
 your,1111.5,1113.6
 in,1113.6,1113.82
 your,1113.82,1114.14
" packets,",1114.14,1114.44
 yes?,1114.54,1115.1
 Yes.,1115.72,1116.0
 You,1116.0,1116.16
 guys,1116.16,1116.4
 remember,1116.4,1116.82
 how,1116.82,1117.08
 to,1117.08,1117.3
 do,1117.3,1117.44
 these?,1117.44,1118.06
 You're,1120.76,1121.56
 practicing,1121.56,1122.18
 this,1122.18,1122.94
 week,1122.94,1123.38
 your,1123.38,1123.96
 spelling,1123.96,1124.38
 words,1124.38,1125.06
 in,1128.04,1129.18
 your,1129.18,1129.6
 purple,1129.6,1130.3
 and,1130.3,1131.2
 white,1131.2,1131.92
 spelling,1131.92,1132.78
 books.,1132.78,1134.2
 It's,1134.2,1134.56
 O,1134.56,1134.68
-W,1134.68,1135.76
-O,1135.76,1136.6
-U.,1136.6,1137.18
 It's,1137.7,1137.98
 O,1137.98,1137.98
-W,1137.98,1137.98
-O,1137.98,1137.98
-U.,1137.98,1137.98
 If,1137.98,1137.98
 you,1137.98,1138.36
 already,1138.36,1138.86
 did,1138.86,1139.06
 this,1139.06,1139.44
 page,1139.44,1140.04
 in,1140.04,1141.12
 your,1141.12,1141.56
 spelling,1141.56,1141.9
" book,",1141.9,1142.48
 I,1143.24,1143.28
 want,1143.28,1143.52
 you,1143.52,1143.7
 to,1143.7,1143.84
 go,1143.84,1143.98
 back,1143.98,1144.26
 and,1144.26,1144.58
 practice,1144.58,1145.1
 them,1145.1,1145.4
 again.,1145.4,1146.14
 This,1147.0,1147.7
 is,1147.7,1148.08
 going,1148.08,1148.34
 to,1148.34,1148.48
 be,1148.48,1148.6
 your,1148.6,1148.94
 spelling,1148.94,1149.16
 for,1149.16,1149.48
 the,1149.48,1149.56
 week.,1149.56,1149.88
 Then,1150.56,1150.78
 mom,1150.78,1151.02
 and,1151.02,1151.18
 dad,1151.18,1151.78
 are,1151.78,1152.26
 going,1152.26,1152.42
 to,1152.42,1152.5
 give,1152.5,1152.74
 you,1152.74,1153.7
 a,1153.7,1154.16
 spelling,1154.16,1154.46
 test,1154.46,1154.8
 on,1154.8,1155.12
 Friday.,1155.12,1155.56
 Okay?,1157.42,1158.02
 So,1158.02,1158.66
 the,1158.66,1158.84
 words,1158.84,1159.18
 are,1159.18,1159.82
" before,",1159.82,1160.68
" proud,",1161.7,1162.28
" how,",1163.16,1163.46
" done,",1164.36,1164.84
" down,",1165.66,1166.34
" proud,",1167.24,1167.54
" how,",1168.6,1169.06
" loud,",1170.0,1170.38
" round,",1171.12,1171.66
 proud.,1172.28,1172.56
 What,1173.12,1173.38
 do,1173.38,1173.54
 you,1173.54,1173.88
 think,1173.88,1174.06
 about,1174.06,1174.48
 all,1174.48,1174.96
